video,poster,appcode,poster_width_px,poster_height_px,appcode_width_px,appcode_x_px,appcode_y_px,poster_width_meters,poster_height_meters,status,frames_processed,frames_tracked,frames_tracked_percent,notes
swap_QA1.mov,b25_Generated__bubbly_image_10__r20__49.png,bubbly_image_10_cn_0,1922,2916,584,669,1166,0.115,0.172,processed,1245,910,73,
swap_QA2.mov,b25_Generated__bubbly_image_11__r20__51.png,bubbly_image_11_cn_0,902,1346,270,316,538,0.146,0.203,processed,1301,1235,94,
swap_AL2.mov,b25_Generated__bubbly_image_15__r20__59.png,bubbly_image_15_cn_0,2252,3346,670,791,1338,0.142,0.225,processed,1241,1173,94,
swap_AL3.mov,b25_Generated__bubbly_image_16__r20__61.png,bubbly_image_16_cn_0,1030,1502,300,365,601,0.146,0.203,processed,1272,1272,100,
dv_QA1.mov,b25_Generated__bubbly_image_19__r20__65.png,bubbly_image_19_cn_0,1922,3034,608,657,1213,0.18,0.285,processed,1428,1048,73,
dv_QA2.mov,b25_Generated__bubbly_image_19__r20__66.png,bubbly_image_19_nn_2,1922,3034,608,657,1213,0.17,0.269,processed,1333,865,64,
dv_AL2.mov,b25_Generated__bubbly_image_21__r20__70.png,bubbly_image_21_nn_2,1822,2776,556,633,1110,0.185,0.285,processed,1404,986,70,
dv_AL3.mov,b25_Generated__bubbly_image_23__r20__71.png,bubbly_image_23_cn_0,1202,1796,360,421,718,0.18,0.268,processed,1444,1030,71,
dv_QA7.mov,b25_Generated__bubbly_image_25__r20__75.png,bubbly_image_25_cn_0,1202,1837,368,417,734,0.085,0.185,processed,1387,925,66,
dv_AL8.mov,b25_Generated__bubbly_image_27__r20__80.png,bubbly_image_27_nn_2,1202,1851,370,416,740,0.185,0.285,processed,1211,850,70,
bw_QA1.mov,b25_Generated__bubbly_image_28__r20__81.png,BW_cn_0,726,1025,206,260,410,0.197,0.28,processed,1281,1281,100,
bw_QA5.mov,b25_Generated__bubbly_image_32__r20__89.png,BW_cn_0,1202,1836,368,417,734,0.187,0.287,error,1284,1284,100,Missing timestamps
bw_QA6.mov,b25_Generated__bubbly_image_33__r20__91.png,BW_nn_2,1953,2972,594,680,1189,0.185,0.285,processed,1201,1201,100,
bw_QA11.mov,b25_Generated__bubbly_image_32__r20__90.png,BW_cn_1,1202,1836,368,417,734,0.185,0.285,processed,1223,1223,100,
mk_AL1.mov,b25_Generated__market_algs1__r20__0.png,bubbly_image_54_cn_0,642,884,178,232,353,0.197,0.275,processed,1253,1253,100,
mk_AL2.mov,b25_Generated__market_algs2__r20__1.png,bubbly_image_54_cn_0,579,852,170,204,341,0.184,0.268,processed,1366,1366,100,
mk_AL5.mov,b25_Generated__market_algs5__r20__4.png,bubbly_image_54_cn_0,583,864,174,204,345,0.194,0.286,error,1269,619,48,Missing timestamps
mk_AL6.mov,b25_Generated__market_algs6__r20__5.png,bubbly_image_54_cn_0,588,843,170,209,336,0.197,0.285,processed,1250,1250,100,
mk_AL7.mov,b25_Generated__market_algs7__r20__6.png,bubbly_image_54_cn_0,573,865,174,200,346,0.179,0.268,processed,1307,1307,100,
mk_QA1.mov,b25_Generated__market_qa1__r20__10.png,bubbly_image_54_cn_0,671,994,200,236,397,0.19,0.285,processed,1249,1249,100,
mk_QA2.mov,b25_Generated__market_qa2__r20__11.png,bubbly_image_54_cn_0,572,744,150,211,297,0.204,0.264,processed,1269,1269,100,
mk_QA6.mov,b25_Generated__market_qa6__r20__15.png,bubbly_image_54_cn_0,602,862,172,215,345,0.198,0.285,processed,1233,1233,100,
mk_QA7.mov,b25_Generated__market_qa7__r20__16.png,bubbly_image_54_cn_0,578,885,178,200,354,0.175,0.268,processed,1316,1316,100,
mk_QA10.mov,b25_Generated__market_qa10__r20__19.png,bubbly_image_54_cn_0,584,781,156,214,312,0.197,0.265,error,1242,1242,100,Missing timestamps
sm_QA1.mov,b25_Generated__similar_1__r20__20.png,bubbly_image_54_cn_0,493,764,154,170,305,0.183,0.285,processed,1222,1222,100,
sm_QA2.mov,b25_Generated__similar_2__r20__21.png,bubbly_image_54_cn_0,496,737,148,174,294,0.181,0.268,processed,1260,1260,100,
sm_QA5.mov,b25_Generated__similar_5__r20__24.png,bubbly_image_54_cn_0,512,761,152,180,304,0.19,0.285,error,1243,1243,100,Missing timestamps
sm_QA6.mov,b25_Generated__similar_6__r20__25.png,bubbly_image_54_cn_0,510,777,156,177,310,0.185,0.285,processed,1232,1232,100,
sm_QA7.mov,b25_Generated__similar_7__r20__26.png,bubbly_image_54_cn_0,521,779,156,182,312,0.18,0.268,processed,1286,1286,100,
sm_QA10.mov,b25_Generated__similar_10__r20__29.png,bubbly_image_54_cn_0,541,781,156,192,312,0.195,0.285,error,1277,1277,100,Missing timestamps
sm_QA11.mov,b25_Generated__similar_11__r20__30.png,bubbly_image_54_cn_0,527,761,152,188,304,0.195,0.285,processed,1233,1233,100,
sm_QA12.mov,b25_Generated__similar_12__r20__31.png,bubbly_image_54_cn_0,525,758,152,186,303,0.186,0.269,processed,1327,1327,100,
sm_QA15.mov,b25_Generated__similar_15__r20__34.png,bubbly_image_54_cn_0,537,791,158,190,316,0.192,0.285,error,1289,1289,100,Missing timestamps
sm_QA16.mov,b25_Generated__similar_16__r20__35.png,bubbly_image_54_cn_0,534,739,148,193,296,0.197,0.275,processed,1225,1225,100,
sm_QA17.mov,b25_Generated__similar_17__r20__36.png,bubbly_image_54_cn_0,538,785,158,190,314,0.184,0.268,processed,1332,1332,100,
ic_QA1.mov,b26_Generated__bubbly_image_55__r20__0.png,bubbly_image_55_cn_1|bubbly_image_55_cn_1,1202,1631,326|326,60|816,82|1223,0.198,0.27,processed,2474,2474,100,
ic_QA5.mov,b26_Generated__bubbly_image_59__r20__4.png,bubbly_image_59_cn_1|bubbly_image_59_cn_1,1502,2258,452|452,75|975,113|1693,0.188,0.285,error,1296,1296,100,Missing timestamps
ic_QA6.mov,b26_Generated__bubbly_image_60__r20__5.png,bubbly_image_60_cn_1|bubbly_image_60_cn_1|bubbly_image_60_cn_1|bubbly_image_60_cn_1,1804,2737,548|548|548|548,90|1166|1166|90,137|2052|137|2052,0.185,0.285,processed,4880,4804,98,
dc_QA1.mov,b25_Generated__bubbly_image_34__r20__93.png,dark_cn_0,1958,2964,594,682,1185,0.185,0.285,processed,1231,1135,92,
dc_QA6.mov,b25_Generated__bubbly_image_39__r20__98.png,dark_cn_5,1934,2931,586,674,1172,0.185,0.285,processed,1241,1241,100,
LA_AL1.mov,b25_Generated__bubbly_image_42__r20__101.png,bubbly_image_42_cn_0,1202,1745,350,426,698,0.195,0.285,processed,1303,1303,100,
LA_AL6.mov,b25_Generated__bubbly_image_47__r20__111.png,bubbly_image_47_cn_0,1202,1804,362,420,721,0.19,0.285,processed,1284,1224,95,
LA_AL11.mov,b25_Generated__bubbly_image_46__r20__110.png,bubbly_image_46_nn_2,1202,1804,362,420,721,0.19,0.285,processed,1285,1285,100,
LA_QA4.mov,b25_Generated__bubbly_image_51__r20__119.png,bubbly_image_51_cn_0,738,1122,224,257,449,0.18,0.285,processed,1249,1249,100,
LA_QA9.mov,b25_Generated__bubbly_image_50__r20__118.png,bubbly_image_50_nn_2,1218,1831,366,426,732,0.189,0.185,processed,1256,1010,80,
mq_AL1.mov,b25_Generated__qr_1__r32__0.png,bubbly_image_54_cn_0,885,1305,418,234,444,0.192,0.285,processed,1242,1242,100,
mq_AL6.mov,b25_Generated__qr_6__r32__5.png,bubbly_image_54_cn_0,602,886,284,159,301,0.193,0.285,processed,1230,1230,100,
mq_QA5.mov,b25_Generated__qr_4__r32__3.png,bubbly_image_54_cn_0,906,1335,428,239,454,0.193,0.285,processed,1248,1248,100,
rw_AL1.mov,,,,,,,,,,error,,,,"ValueError(""PosixPath('.') has an empty name"")"
rw_AL2.mov,,,,,,,,,,error,,,,"ValueError(""PosixPath('.') has an empty name"")"
rw_AL3.mov,,,,,,,,,,error,,,,"ValueError(""PosixPath('.') has an empty name"")"
rw_AL4.mov,,,,,,,,,,error,,,,"ValueError(""PosixPath('.') has an empty name"")"
rw_AL5.mov,,,,,,,,,,error,,,,"ValueError(""PosixPath('.') has an empty name"")"
rw_QA1.mov,,,,,,,,,,error,,,,"ValueError(""PosixPath('.') has an empty name"")"
rw_QA2.mov,,,,,,,,,,error,,,,"ValueError(""PosixPath('.') has an empty name"")"
rw_QA3.mov,,,,,,,,,,error,,,,"ValueError(""PosixPath('.') has an empty name"")"
rw_QA4.mov,,,,,,,,,,error,,,,"ValueError(""PosixPath('.') has an empty name"")"
rw_QA5.mov,,,,,,,,,,error,,,,"ValueError(""PosixPath('.') has an empty name"")"
rw_AL6.mov,,,,,,,,,,error,,,,"ValueError(""PosixPath('.') has an empty name"")"
rw_AL7.mov,,,,,,,,,,error,,,,"ValueError(""PosixPath('.') has an empty name"")"
rw_AL8.mov,,,,,,,,,,error,,,,"ValueError(""PosixPath('.') has an empty name"")"
rw_AL9.mov,,,,,,,,,,error,,,,"ValueError(""PosixPath('.') has an empty name"")"
rw_AL10.mov,,,,,,,,,,error,,,,"ValueError(""PosixPath('.') has an empty name"")"
rw_QA6.mov,,,,,,,,,,error,,,,"ValueError(""PosixPath('.') has an empty name"")"
rw_QA7.mov,,,,,,,,,,error,,,,"ValueError(""PosixPath('.') has an empty name"")"
rw_QA8.mov,,,,,,,,,,error,,,,"ValueError(""PosixPath('.') has an empty name"")"
rw_QA9.mov,,,,,,,,,,error,,,,"ValueError(""PosixPath('.') has an empty name"")"
rw_QA10.mov,,,,,,,,,,error,,,,"ValueError(""PosixPath('.') has an empty name"")"
dv_ipad bag far.MOV,panera_bag_sticker.png,,,,,,,,,error,,,,"FileNotFoundError(2, 'No such file or directory')"
la iphone xs window near.MOV,panera_window_sign.png,,,,,,,,,error,,,,"FileNotFoundError(2, 'No such file or directory')"
dv ipad window far.MOV,panera_window_sign.png,,,,,,,,,error,,,,"FileNotFoundError(2, 'No such file or directory')"
dv iphone 11 bag far.MOV,panera_bag_sticker.png,,,,,,,,,error,,,,"FileNotFoundError(2, 'No such file or directory')"
la ipad window near.MOV,panera_window_sign.png,,,,,,,,,error,,,,"FileNotFoundError(2, 'No such file or directory')"
dv iphone xs walk far.MOV,panera_sidewalk_sign.png,,,,,,,,,error,,,,"FileNotFoundError(2, 'No such file or directory')"
dv iphone xs window near.MOV,panera_window_sign.png,,,,,,,,,error,,,,"FileNotFoundError(2, 'No such file or directory')"
la iphone xs bag near.MOV,panera_bag_sticker.png,,,,,,,,,error,,,,"FileNotFoundError(2, 'No such file or directory')"
la iphone xs window far.MOV,panera_window_sign.png,,,,,,,,,error,,,,"FileNotFoundError(2, 'No such file or directory')"
dv iphone xs bag near.MOV,panera_bag_sticker.png,,,,,,,,,error,,,,"FileNotFoundError(2, 'No such file or directory')"
la iphone xs bag far.MOV,panera_bag_sticker.png,,,,,,,,,error,,,,"FileNotFoundError(2, 'No such file or directory')"
dv ipad bag near.MOV,panera_bag_sticker.png,,,,,,,,,error,,,,"FileNotFoundError(2, 'No such file or directory')"
dv ipad window near.MOV,panera_window_sign.png,,,,,,,,,error,,,,"FileNotFoundError(2, 'No such file or directory')"
la ipad window far.MOV,panera_window_sign.png,,,,,,,,,error,,,,"FileNotFoundError(2, 'No such file or directory')"
dv iphone xs bag far.MOV,panera_bag_sticker.png,,,,,,,,,error,,,,"FileNotFoundError(2, 'No such file or directory')"
la iphone 11 walk near.MOV,panera_sidewalk_sign.png,,,,,,,,,error,,,,"FileNotFoundError(2, 'No such file or directory')"
la iphone xs walk near.MOV,panera_sidewalk_sign.png,,,,,,,,,error,,,,"FileNotFoundError(2, 'No such file or directory')"
dv iphone 11 walk near.MOV,panera_sidewalk_sign.png,,,,,,,,,error,,,,"FileNotFoundError(2, 'No such file or directory')"
la iphone 11 walk far.MOV,panera_sidewalk_sign.png,,,,,,,,,error,,,,"FileNotFoundError(2, 'No such file or directory')"
la iphone xs walk far.MOV,panera_sidewalk_sign.png,,,,,,,,,error,,,,"FileNotFoundError(2, 'No such file or directory')"
la_iphone 11_pole_near.MOV,panera_pole_sign.png,,,,,,,,,error,,,,"FileNotFoundError(2, 'No such file or directory')"
la_iphone xs_walk_far.MOV,panera_sidewalk_sign.png,,,,,,,,,error,,,,"FileNotFoundError(2, 'No such file or directory')"
dv_iphone xs_pole_near.MOV,panera_pole_sign.png,,,,,,,,,error,,,,"FileNotFoundError(2, 'No such file or directory')"
dv_ipad_walk_far.MOV,panera_sidewalk_sign.png,,,,,,,,,error,,,,"FileNotFoundError(2, 'No such file or directory')"
la_ipad_walk_far.MOV,panera_sidewalk_sign.png,,,,,,,,,error,,,,"FileNotFoundError(2, 'No such file or directory')"
la_iphone 11_walk_far.MOV,panera_sidewalk_sign.png,,,,,,,,,error,,,,"FileNotFoundError(2, 'No such file or directory')"
dv_iphone 11_pole_far.MOV,panera_pole_sign.png,,,,,,,,,error,,,,"FileNotFoundError(2, 'No such file or directory')"
la_iphone xs_walk_near.MOV,panera_sidewalk_sign.png,,,,,,,,,error,,,,"FileNotFoundError(2, 'No such file or directory')"
dv_iphone xs_walk_far.MOV,panera_sidewalk_sign.png,,,,,,,,,error,,,,"FileNotFoundError(2, 'No such file or directory')"
dv_iphone 11_pole_near.MOV,panera_pole_sign.png,,,,,,,,,error,,,,"FileNotFoundError(2, 'No such file or directory')"
dv iphone xs walk near.MOV,panera_sidewalk_sign.png,,,,,,,,,error,,,,"FileNotFoundError(2, 'No such file or directory')"
la_iphone xs_pole_far.MOV,panera_pole_sign.png,,,,,,,,,error,,,,"FileNotFoundError(2, 'No such file or directory')"
dv_iphone xs_walk_near.MOV,panera_sidewalk_sign.png,,,,,,,,,error,,,,"FileNotFoundError(2, 'No such file or directory')"
dv_iphone xs_pole_far.MOV,panera_pole_sign.png,,,,,,,,,error,,,,"FileNotFoundError(2, 'No such file or directory')"
dv_ipad_pole_far.MOV,panera_pole_sign.png,,,,,,,,,error,,,,"FileNotFoundError(2, 'No such file or directory')"
dv_ipad_pole_near.MOV,panera_pole_sign.png,,,,,,,,,error,,,,"FileNotFoundError(2, 'No such file or directory')"
la_iphone 11_pole_far.MOV,panera_pole_sign.png,,,,,,,,,error,,,,"FileNotFoundError(2, 'No such file or directory')"
dv iphone xs window far.MOV,panera_window_sign.png,,,,,,,,,error,,,,"FileNotFoundError(2, 'No such file or directory')"
la_iphone xs_pole_near.MOV,panera_pole_sign.png,,,,,,,,,error,,,,"FileNotFoundError(2, 'No such file or directory')"
dv_ipad_walk_near.MOV,panera_sidewalk_sign.png,,,,,,,,,error,,,,"FileNotFoundError(2, 'No such file or directory')"
dv_iphone 11_walk_near.MOV,panera_sidewalk_sign.png,,,,,,,,,error,,,,"FileNotFoundError(2, 'No such file or directory')"
la_ipad_pole_far.MOV,panera_pole_sign.png,,,,,,,,,error,,,,"FileNotFoundError(2, 'No such file or directory')"
la_iphone 11_walk_near.MOV,panera_sidewalk_sign.png,,,,,,,,,error,,,,"FileNotFoundError(2, 'No such file or directory')"
la_ipad_pole_near.MOV,panera_pole_sign.png,,,,,,,,,error,,,,"FileNotFoundError(2, 'No such file or directory')"
la_ipad_walk_near.MOV,panera_sidewalk_sign.png,,,,,,,,,error,,,,"FileNotFoundError(2, 'No such file or directory')"
dv_iphone 11_walk_far.MOV,panera_sidewalk_sign.png,,,,,,,,,error,,,,"FileNotFoundError(2, 'No such file or directory')"
dv iphone 11 bag near.MOV,panera_bag_sticker.png,,,,,,,,,error,,,,"FileNotFoundError(2, 'No such file or directory')"
dv iphone 11 walk far.MOV,panera_sidewalk_sign.png,,,,,,,,,error,,,,"FileNotFoundError(2, 'No such file or directory')"
la ipad bag far.MOV,panera_bag_sticker.png,,,,,,,,,error,,,,"FileNotFoundError(2, 'No such file or directory')"
la ipad bag near.MOV,panera_bag_sticker.png,,,,,,,,,error,,,,"FileNotFoundError(2, 'No such file or directory')"
la iphone 11 bag far.MOV,panera_bag_sticker.png,,,,,,,,,error,,,,"FileNotFoundError(2, 'No such file or directory')"
la iphone 11 bag near.MOV,panera_bag_sticker.png,,,,,,,,,error,,,,"FileNotFoundError(2, 'No such file or directory')"
swap_QA3.mov,b25_Generated__bubbly_image_12__r20__53.png,bubbly_image_12_cn_0,1202,1863,374,414,744,0.141,0.09,processed,1248,1248,100,
swap_QA4.mov,b25_Generated__bubbly_image_13__r20__55.png,bubbly_image_13_cn_0,1278,1986,398,440,794,0.115,0.18,processed,1387,1387,100,
swap_AL1.mov,b25_Generated__bubbly_image_14__r20__57.png,bubbly_image_14_cn_0,1922,2848,570,676,1139,0.128,0.201,error,1327,1327,100,Missing timestamps
swap_AL4.mov,b27_Generated__bubbly_image_17__r20__3.png,bubbly_image_17_cn_1,1988,2964,594,697,1185,0.141,0.09,processed,1259,1243,98,
dv_QA3.mov,b25_Generated__bubbly_image_20__r20__67.png,bubbly_image_20_cn_0,1202,1835,368,417,734,0.187,0.285,processed,1257,782,62,
dv_QA4.mov,b25_Generated__bubbly_image_20__r20__68.png,bubbly_image_20_nn_2,1202,1835,368,417,734,0.176,0.268,processed,1265,847,66,
dv_AL4.mov,b25_Generated__bubbly_image_23__r20__72.png,bubbly_image_23_nn_2,1202,1796,360,421,718,0.191,0.286,processed,1275,914,71,
dv_QA8.mov,b25_Generated__bubbly_image_25__r20__76.png,bubbly_image_25_nn_2,1202,1837,368,417,734,0.185,0.285,processed,1267,907,71,
bw_QA2.mov,b25_Generated__bubbly_image_29__r20__83.png,BW_nn_2,774,1302,260,257,521,0.169,0.285,processed,1241,1241,100,
bw_QA4.mov,b25_Generated__bubbly_image_31__r20__87.png,WB_nn_2,1085,1602,320,382,641,0.183,0.268,processed,1273,1273,100,
bw_QA7.mov,b25_Generated__bubbly_image_28__r20__82.png,BW_cn_1,726,1025,206,260,410,0.198,0.28,processed,1244,1244,100,
bw_QA8.mov,b27_Generated__bubbly_image_29__r20__6.png,BW_nn_3,774,1302,260,257,521,0.169,0.285,processed,1244,1244,100,
bw_QA12.mov,b25_Generated__bubbly_image_33__r20__92.png,BW_nn_3,1953,2972,594,680,1189,0.177,0.268,processed,1396,1396,100,
mk_AL3.mov,b25_Generated__market_algs3__r20__2.png,bubbly_image_54_cn_0,570,842,168,201,337,0.195,0.285,processed,1233,1233,100,
mk_AL4.mov,b25_Generated__market_algs4__r20__3.png,bubbly_image_54_cn_0,614,892,178,218,357,0.185,0.268,processed,1237,1237,100,
mk_AL8.mov,b25_Generated__market_algs8__r20__7.png,bubbly_image_54_cn_0,585,877,176,204,350,0.195,0.285,processed,1238,1238,100,
mk_AL9.mov,b25_Generated__market_algs9__r20__8.png,bubbly_image_54_cn_0,579,878,176,202,351,0.177,0.268,processed,1339,1339,100,
mk_QA3.mov,b25_Generated__market_qa3__r20__12.png,bubbly_image_54_cn_0,608,812,162,223,325,0.195,0.285,processed,1293,1293,100,
mk_QA4.mov,b25_Generated__market_qa4__r20__13.png,bubbly_image_54_cn_0,615,819,164,226,328,0.054,0.03,processed,1303,1303,100,
mk_QA5.mov,b25_Generated__market_qa5__r20__14.png,bubbly_image_54_cn_0,572,841,168,202,336,0.139,0.285,error,1228,356,28,Missing timestamps
mk_QA8.mov,b25_Generated__market_qa8__r20__17.png,bubbly_image_54_cn_0,579,876,176,202,350,0.195,0.285,processed,1272,1272,100,
mk_QA9.mov,b25_Generated__market_qa9__r20__18.png,bubbly_image_54_cn_0,585,876,176,204,350,0.18,0.268,processed,1331,1331,100,
sm_QA3.mov,b25_Generated__similar_3__r20__22.png,bubbly_image_54_cn_0,531,771,154,188,308,0.189,0.286,processed,1246,1246,100,
sm_QA4.mov,b25_Generated__similar_4__r20__23.png,bubbly_image_54_cn_0,520,757,152,184,302,0.185,0.268,processed,1322,1322,100,
sm_QA8.mov,b25_Generated__similar_8__r20__27.png,bubbly_image_54_cn_0,540,769,154,193,308,0.189,0.286,processed,1279,1279,100,
sm_QA9.mov,b25_Generated__similar_9__r20__28.png,bubbly_image_54_cn_0,515,758,152,182,303,0.183,0.268,processed,1341,1341,100,
sm_QA13.mov,b25_Generated__similar_13__r20__32.png,bubbly_image_54_cn_0,536,732,146,195,293,0.189,0.286,processed,1250,1250,100,
sm_QA14.mov,b25_Generated__similar_14__r20__33.png,bubbly_image_54_cn_0,519,754,152,184,301,0.185,0.268,processed,1326,1326,100,
ic_QA2.mov,b26_Generated__bubbly_image_56__r20__1.png,bubbly_image_56_nn_3|bubbly_image_56_nn_3|bubbly_image_56_nn_3|bubbly_image_56_nn_3,1007,1502,300|300|300|300,50|657|657|50,75|1127|75|1127,0.18,0.268,processed,5312,5312,100,
ic_QA3.mov,b26_Generated__bubbly_image_57__r20__2.png,bubbly_image_57_cn_1|bubbly_image_57_cn_1,1202,1838,368|368,60|774,92|1378,0.187,0.287,processed,2514,2514,100,
ic_QA4.mov,b27_Generated__bubbly_image_58__r20__0.png,bubbly_image_58_cn_1|bubbly_image_58_cn_1|bubbly_image_58_cn_1|bubbly_image_58_cn_1,1502,2258,452|452|452|452,75|975|975|75,113|1693|113|1693,0.178,0.268,processed,5512,5512,100,
ic_QA7.mov,b27_Generated__bubbly_image_61__r20__0.png,bubbly_image_61_cn_1|bubbly_image_61_cn_1,1835,2500,500|500,92|1243,125|1875,0.198,0.268,processed,2682,2682,100,
ic_QA8.mov,b27_Generated__bubbly_image_62__r20__2.png,bubbly_image_62_nn_3|bubbly_image_62_nn_3|bubbly_image_62_nn_3|bubbly_image_62_nn_3,992,1502,300|300|300|300,50|642|642|50,75|1127|75|1127,0.189,0.286,processed,5004,4876,97,
dc_QA2.mov,b25_Generated__bubbly_image_35__r20__94.png,dark_cn_1,1747,2253,452,648,900,0.204,0.263,processed,1248,1248,100,
dc_QA3.mov,b25_Generated__bubbly_image_36__r20__95.png,dark_cn_9,963,1484,298,332,593,0.184,0.286,processed,1280,1280,100,
dc_QA4.mov,b25_Generated__bubbly_image_37__r20__96.png,dark_cn_3,774,1183,238,268,472,0.176,0.268,processed,1276,1276,100,
dc_QA5.mov,b25_Generated__bubbly_image_38__r20__97.png,dark_cn_4,1202,1787,358,422,714,0.19,0.285,error,1221,1221,100,Missing timestamps
dc_QA7.mov,b25_Generated__bubbly_image_40__r20__99.png,dark_cn_6,3093,5017,1004,1044,2006,0.167,0.268,processed,1278,1278,100,
dc_QA8.mov,b25_Generated__bubbly_image_41__r20__100.png,dark_cn_7,761,1082,216,272,433,0.201,0.285,processed,1303,1303,100,
LA_AL2.mov,b25_Generated__bubbly_image_43__r20__103.png,bubbly_image_43_cn_0,1858,2615,524,667,1046,0.198,0.285,processed,1243,1243,100,
LA_AL4.mov,b25_Generated__bubbly_image_45__r20__107.png,bubbly_image_45_cn_0,2452,3662,732,860,1465,0.183,0.291,processed,1261,790,62,
LA_AL5.mov,b25_Generated__bubbly_image_46__r20__109.png,bubbly_image_46_cn_0,1202,1804,362,420,721,0.181,0.287,error,1236,1236,100,Missing timestamps
LA_AL7.mov,b25_Generated__bubbly_image_42__r20__102.png,bubbly_image_42_nn_2,1202,1745,350,426,698,0.195,0.285,processed,1297,1297,100,
LA_AL8.mov,b27_Generated__bubbly_image_43__r20__8.png,bubbly_image_43_nn_2,1858,2615,524,667,1046,0.19,0.286,processed,1270,504,39,
LA_AL10.mov,b25_Generated__bubbly_image_45__r20__108.png,bubbly_image_45_nn_2,2452,3662,732,860,1465,0.193,0.291,error,1251,287,22,Missing timestamps
LA_AL12.mov,b25_Generated__bubbly_image_47__r20__112.png,bubbly_image_47_nn_2,1202,1804,362,420,721,0.18,0.268,processed,1303,1285,98,
LA_QA2.mov,b25_Generated__bubbly_image_49__r20__115.png,bubbly_image_49_cn_0,934,1302,260,337,521,0.203,0.283,processed,1284,842,65,
LA_QA5.mov,b25_Generated__bubbly_image_52__r20__121.png,bubbly_image_52_cn_0,1979,3002,600,690,1201,0.18,0.268,processed,1285,1285,100,
LA_QA6.mov,b25_Generated__bubbly_image_53__r20__123.png,bubbly_image_53_cn_0,1309,2002,400,454,801,0.187,0.287,processed,1280,1280,100,
LA_QA8.mov,b25_Generated__bubbly_image_49__r20__116.png,bubbly_image_49_nn_2,934,1302,260,337,521,0.203,0.283,processed,1279,608,47,
LA_QA10.mov,b27_Generated__bubbly_image_51__r20__9.png,bubbly_image_51_nn_2,738,1122,224,257,449,0.178,0.268,processed,1299,1299,100,
LA_QA11.mov,b27_Generated__bubbly_image_52__r20__10.png,bubbly_image_52_nn_2,1979,3002,600,690,1201,0.203,0.29,processed,1258,1258,100,
LA_QA12.mov,b27_Generated__bubbly_image_53__r20__11.png,bubbly_image_53_nn_2,1309,2002,400,454,801,0.187,0.287,processed,1253,1253,100,
mq_AL2.mov,b25_Generated__qr_2__r32__1.png,bubbly_image_54_cn_0,902,1375,440,231,468,0.186,0.285,processed,1273,1273,100,
mq_AL5.mov,b25_Generated__qr_5__r32__4.png,bubbly_image_54_cn_0,617,893,286,166,304,0.195,0.285,error,1255,1255,100,Missing timestamps
mq_QA1.mov,b25_Generated__qr_7__r32__6.png,bubbly_image_54_cn_0,597,887,284,156,302,0.19,0.285,processed,1285,1285,100,
mq_QA4.mov,b25_Generated__qr_3__r32__9.png,bubbly_image_54_cn_0,952,1398,448,252,475,0.193,0.285,error,1226,214,17,Missing timestamps
mq_QA6.mov,b25_Generated__qr_5__r32__11.png,bubbly_image_54_cn_0,617,893,286,166,304,0.185,0.268,processed,1294,1294,100,
bw_QA10.mov,b26_Generated__bubbly_image_31__r20__0.png,WB_nn_3,1085,1602,320,382,641,0.192,0.285,error,1227,519,42,Missing timestamps
mq_AL4.mov,b25_Generated__qr_4__r32__3.png,bubbly_image_54_cn_0,906,1335,428,239,454,0.183,0.268,processed,1344,1344,100,
mq_QA2.mov,b25_Generated__qr_1__r32__7.png,bubbly_image_54_cn_0,885,1305,418,234,444,0.184,0.286,processed,1240,1240,100,
dv_QA5.mov,b25_Generated__bubbly_image_24__r20__73.png,bubbly_image_24_cn_0,1082,1618,324,379,647,0.182,0.27,processed,1273,931,73,
dv_AL5.mov,b25_Generated__bubbly_image_26__r20__77.png,bubbly_image_26_cn_0,902,1373,276,313,548,0.18,0.275,processed,1309,948,72,
dv_AL6.mov,b27_Generated__bubbly_image_26__r20__5.png,bubbly_image_26_nn_2,902,1373,276,313,548,0.18,0.27,processed,1267,887,70,
bw_QA3.mov,b25_Generated__bubbly_image_30__r20__85.png,WB_cn_0,1078,1602,320,379,641,0.182,0.271,processed,1356,775,57,
LA_AL9.mov,b25_Generated__bubbly_image_44__r20__106.png,bubbly_image_44_nn_2,802,1217,244,279,486,0.18,0.272,processed,1226,452,36,
LA_QA7.mov,b25_Generated__bubbly_image_48__r20__114.png,bubbly_image_48_nn_2,970,1502,300,335,601,0.176,0.272,processed,1282,588,45,
mq_AL3.mov,b25_Generated__qr_3__r32__2.png,bubbly_image_54_cn_0,952,1398,448,252,475,0.184,0.27,processed,1286,1202,93,
mq_QA3.mov,b25_Generated__qr_2__r32__8.png,bubbly_image_54_cn_0,902,1375,440,231,468,0.18,0.271,processed,1380,643,46,
LA_AL13.mov,b25_Generated__bubbly_image_76__r30__0.png,bubbly_image_76_cn_1,1357,2050,616,370,717,0.187,0.285,processed,1244,1244,100,
LA_AL14.mov,b26_Generated__bubbly_image_76__r30__0.png,bubbly_image_76_nn_2,1357,2050,616,370,717,0.187,0.285,processed,1345,1345,100,
LA_AL15.mov,b25_Generated__bubbly_image_77__r30__2.png,bubbly_image_77_cn_0,1005,1502,452,276,525,0.181,0.272,processed,1333,1027,77,
LA_AL16.mov,b26_Generated__bubbly_image_77__r30__1.png,bubbly_image_77_cn_1,1005,1502,452,276,525,0.182,0.271,processed,1279,1260,98,
LA_AL17.mov,b25_Generated__bubbly_image_78__r30__4.png,bubbly_image_78_cn_0,1776,2641,792,492,924,0.19,0.285,error,1201,1201,100,Missing timestamps
LA_AL18.mov,b25_Generated__bubbly_image_78__r30__5.png,bubbly_image_78_cn_1,1776,2641,792,492,924,0.19,0.285,processed,1236,1236,100,
LA_AL19.mov,b25_Generated__bubbly_image_75s__r90__6.png,bubbly_image_75_cn_1,1344,1344,1210,67,67,0.197,0.197,processed,1286,1193,92,
LA_AL20.mov,b25_Generated__bubbly_image_75s__r90__7.png,bubbly_image_75_nn_2,1344,1344,1210,67,67,0.208,0.208,processed,1244,612,49,
LA_QA1.mov,b25_Generated__bubbly_image_48__r20__113.png,bubbly_image_48_cn_1,970,1502,300,335,601,0.176,0.272,processed,1279,384,30,
LC_AL1.mov,b25_Generated__bubbly_image_71s__r99__8.png,bubbly_image_71_cn_0,518,518,514,2,2,0.286,0.286,processed,1347,235,17,
LC_AL3.mov,b25_Generated__bubbly_image_71s__r99__10.png,bubbly_image_71_nn_2,518,518,514,2,2,0.288,0.288,processed,1279,127,9,
LC_AL4.mov,b25_Generated__bubbly_image_71s__r99__11.png,bubbly_image_71_nn_3,518,518,514,2,2,0.285,0.285,processed,1276,381,29,
LC_QA3.mov,b25_Generated__bubbly_image_72s__r99__14.png,bubbly_image_72_nn_2,1085,1085,1074,6,6,0.286,0.286,processed,1267,122,9,
LC_QA4.mov,b25_Generated__bubbly_image_72s__r99__15.png,bubbly_image_72_cn_0,1085,1085,1074,6,6,0.287,0.287,processed,1262,387,30,
dv_AL1.mov,b25_Generated__bubbly_image_21__r20__69.png,bubbly_image_21_cn_0,1822,2776,556,633,1110,0.188,0.286,processed,1222,842,68,
dv_QA6.mov,b25_Generated__bubbly_image_24__r20__74.png,bubbly_image_24_nn_2,1082,1618,324,379,647,0.19,0.285,processed,1234,911,73,
dv_AL7.mov,b25_Generated__bubbly_image_27__r20__79.png,bubbly_image_27_cn_0,1202,1851,370,416,740,0.185,0.285,processed,1244,940,75,
mk_AL10.mov,b25_Generated__market_algs10__r20__9.png,bubbly_image_54_cn_0,564,809,162,201,324,0.194,0.286,processed,1227,1209,98,
